ip,anonymityLevel,asn,country,isp,latency,org,port,protocols,responseTime,speed,updated_at,upTime,upTimeSuccessCount,upTimeTryCount
"110.145.200.50","anonymous","AS1221","AU","Telstra Corporation Limited","339","Telstra Corporation","10000","https","4597","244","2023-05-11T04:28:00.961Z","100","1627","1628"
"103.245.164.78","anonymous","AS56309","TH","Siamdata Communication Co.","197","Siamdata (Lao) Co., Ltd","3128","https","4808","1591","2023-05-11T04:27:51.362Z","99","1548","1569"
"103.28.224.123","anonymous","AS58482","ID","PT Palapa Media Indonesia","196","N/A","8080","https","4709","5515","2023-05-11T04:26:21.567Z","41","669","1628"
"189.90.118.238","anonymous","AS262808","BR","Brasilnet Telecomunicações Ltda ME","190","Brasilnet Telecomunicações Ltda ME","3128","https","4812","5886","2023-05-11T04:25:57.163Z","100","1610","1612"
"188.166.175.116","anonymous","AS14061","GB","DigitalOcean, LLC","94","Digitalocean","5843","https","3691","1787","2023-05-11T04:21:17.968Z","100","1624","1624"
"79.110.40.129","anonymous","AS57287","CZ","OtavaNet s.r.o.","31","OtavaNet s.r.o","8080","https","4407","454","2023-05-11T04:19:13.469Z","100","1627","1628"
"95.213.135.148","anonymous","AS50340","RU","SELECTEL","89","N/A","3128","https","4811","1503","2023-05-11T04:16:57.159Z","100","1626","1627"
"186.67.192.246","anonymous","AS27651","CL","Entel Chile S.A.","210","Entel Chile S.A","8080","https","4995","5196","2023-05-11T04:16:33.961Z","100","1619","1625"
"103.245.164.79","anonymous","AS56309","TH","Siamdata Communication Co.","177","Siamdata (Lao) Co., Ltd","3128","https","4885","1503","2023-05-11T04:16:27.855Z","99","1553","1570"
"213.32.253.99","elite","AS206206","IQ","Kurdistan Net Company for Computer and Internet Ltd.","79","Exabyt","8080","https","4882","476","2023-05-11T04:15:16.159Z","100","1627","1630"
"139.255.67.51","anonymous","AS9905","ID","PT. LINKNET","285","N/A","3888","https","5182","273","2023-05-11T04:14:06.568Z","99","1594","1606"
"154.64.211.145","anonymous","AS21559","PR","OSNET Wireless","133","OSNet Wireless","999","https","4697","310","2023-05-11T04:12:28.363Z","99","1586","1608"
"51.38.93.100","anonymous","AS16276","GB","OVH SAS","9","Regxa LTD","3128","https","4686","886","2023-05-11T04:10:18.463Z","100","1628","1628"
"165.22.3.209","anonymous","AS14061","US","DigitalOcean, LLC","85","DigitalOcean, LLC","3128","https","4902","384","2023-05-11T04:08:17.559Z","100","1593","1597"
"134.73.184.238","anonymous","AS46573","US","LayerHost","190","ELIDC","25283","https","4797","2796","2023-05-11T04:06:01.880Z","99","1606","1618"
"101.32.243.126","elite","AS132203","SG","Aceville Pte.ltd","381","N/A","443","https","5007","3412","2023-05-11T04:04:03.064Z","99","1569","1581"
"198.24.187.93","elite","AS19437","US","Secured Servers LLC","89","Secured Servers LLC","8001","https","1398","332","2023-05-11T04:01:42.654Z","100","1601","1607"